Date,Time,Open,High,Low,Close,Volume,OpenInt
2017-11-17,15:35:00,97.24,97.32,97.24,97.3,17176,0
2017-11-17,15:40:00,97.35,97.39,97.32,97.3748,4085,0
2017-11-17,15:45:00,97.3432,97.348,97.32,97.348,823,0
2017-11-17,15:50:00,97.34,97.3828,97.28,97.3828,4447,0
2017-11-17,15:55:00,97.41,97.44,97.41,97.4299,1630,0
2017-11-17,16:00:00,97.421,97.44,97.4051,97.4199,1655,0
2017-11-17,16:05:00,97.4,97.41,97.38,97.41,1176,0
2017-11-17,16:10:00,97.42,97.49,97.42,97.47,55831,0
2017-11-17,16:15:00,97.4576,97.4576,97.375,97.39,62677,0
2017-11-17,16:20:00,97.38,97.405,97.3386,97.4,60073,0
2017-11-17,16:25:00,97.41,97.46,97.3957,97.45,6273,0
2017-11-17,16:30:00,97.44,97.45,97.425,97.44,2469,0
2017-11-17,16:35:00,97.43,97.43,97.3601,97.4,11423,0
2017-11-17,16:40:00,97.41,97.42,97.4,97.42,3774,0
2017-11-17,16:45:00,97.3852,97.401,97.3601,97.3901,1395,0
2017-11-17,16:50:00,97.4,97.417,97.4,97.4099,698,0
2017-11-17,16:55:00,97.4,97.4593,97.4,97.455,2611,0
2017-11-17,17:00:00,97.45,97.455,97.43,97.44,12639,0
2017-11-17,17:05:00,97.439,97.45,97.41,97.431,1459,0
2017-11-17,17:10:00,97.4199,97.42,97.38,97.38,64578,0
2017-11-17,17:15:00,97.3738,97.39,97.3641,97.39,3344,0
2017-11-17,17:20:00,97.39,97.39,97.39,97.39,1025,0
2017-11-17,17:25:00,97.3656,97.4006,97.355,97.3957,1678,0
2017-11-17,17:30:00,97.3952,97.3952,97.37,97.3931,1117,0
2017-11-17,17:35:00,97.4,97.42,97.3931,97.42,1791,0
2017-11-17,17:40:00,97.399,97.399,97.37,97.372,2257,0
2017-11-17,17:45:00,97.4199,97.4672,97.4005,97.46,4713,0
2017-11-17,17:50:00,97.4601,97.481,97.4601,97.48,398,0
2017-11-17,17:55:00,97.477,97.477,97.45,97.47,2522,0
2017-11-17,18:00:00,97.48,97.4914,97.47,97.48,6924,0
2017-11-17,18:05:00,97.4999,97.4999,97.45,97.45,1298,0
2017-11-17,18:10:00,97.46,97.5,97.46,97.5,1879,0
2017-11-17,18:15:00,97.49,97.515,97.49,97.515,1293,0
2017-11-17,18:20:00,97.5195,97.54,97.5195,97.53,2582,0
2017-11-17,18:25:00,97.5438,97.549,97.5258,97.5258,2389,0
2017-11-17,18:30:00,97.53,97.55,97.525,97.5311,2606,0
2017-11-17,18:35:00,97.5112,97.523,97.5112,97.523,4106,0
2017-11-17,18:40:00,97.53,97.55,97.5251,97.55,1369,0
2017-11-17,18:45:00,97.56,97.57,97.5444,97.57,842,0
2017-11-17,18:50:00,97.57,97.57,97.54,97.5531,2130,0
2017-11-17,18:55:00,97.5666,97.5666,97.54,97.54,1065,0
2017-11-17,19:00:00,97.56,97.58,97.56,97.58,1432,0
2017-11-17,19:05:00,97.5762,97.6,97.56,97.59,4183,0
2017-11-17,19:10:00,97.561,97.561,97.5427,97.55,860,0
2017-11-17,19:15:00,97.53,97.5428,97.53,97.54,1000,0
2017-11-17,19:20:00,97.519,97.5357,97.519,97.525,1248,0
2017-11-17,19:25:00,97.5101,97.5101,97.509,97.509,946,0
2017-11-17,19:30:00,97.49,97.5058,97.48,97.5037,2340,0
2017-11-17,19:35:00,97.5158,97.52,97.51,97.52,2630,0
2017-11-17,19:40:00,97.525,97.57,97.52,97.55,5238,0
2017-11-17,19:45:00,97.55,97.55,97.54,97.5428,4557,0
2017-11-17,19:50:00,97.5419,97.55,97.5315,97.54,3193,0
2017-11-17,19:55:00,97.5553,97.5553,97.54,97.54,203,0
2017-11-17,20:00:00,97.5258,97.5399,97.5257,97.5353,2811,0
2017-11-17,20:05:00,97.5331,97.5458,97.53,97.5458,1004,0
2017-11-17,20:10:00,97.545,97.55,97.53,97.55,4600,0
2017-11-17,20:15:00,97.57,97.57,97.5544,97.5563,879,0
2017-11-17,20:20:00,97.55,97.55,97.5253,97.53,1938,0
2017-11-17,20:25:00,97.5249,97.5299,97.51,97.52,1667,0
2017-11-17,20:30:00,97.5139,97.5139,97.4964,97.5099,1098,0
2017-11-17,20:35:00,97.5201,97.5353,97.5165,97.5169,1582,0
2017-11-17,20:40:00,97.51,97.5166,97.51,97.51,2231,0
2017-11-17,20:45:00,97.51,97.5265,97.51,97.5265,1040,0
2017-11-17,20:50:00,97.52,97.52,97.5058,97.5187,3124,0
2017-11-17,20:55:00,97.5335,97.55,97.5335,97.55,672,0
2017-11-17,21:00:00,97.55,97.56,97.5417,97.56,1507,0
2017-11-17,21:05:00,97.55,97.55,97.53,97.53,549,0
2017-11-17,21:10:00,97.5244,97.5244,97.52,97.52,531,0
2017-11-17,21:15:00,97.5337,97.54,97.52,97.535,8935,0
2017-11-17,21:20:00,97.53,97.53,97.49,97.5026,9537,0
2017-11-17,21:25:00,97.5068,97.5068,97.49,97.5,5832,0
2017-11-17,21:30:00,97.4963,97.509,97.4843,97.509,8926,0
2017-11-17,21:35:00,97.5,97.51,97.5,97.5,5239,0
2017-11-17,21:40:00,97.49,97.515,97.49,97.51,2570,0
2017-11-17,21:45:00,97.5265,97.5265,97.48,97.48,2313,0
2017-11-17,21:50:00,97.45,97.47,97.43,97.4699,4515,0
2017-11-17,21:55:00,97.47,97.5069,97.47,97.5069,1718,0
2017-11-17,22:00:00,97.51,97.5176,97.46,97.47,15562,0
2017-11-20,15:35:00,97.52,97.53,97.42,97.5,28369,0
2017-11-20,15:40:00,97.53,97.544,97.51,97.5195,1322,0
2017-11-20,15:45:00,97.56,97.58,97.48,97.49,5131,0
2017-11-20,15:50:00,97.543,97.543,97.51,97.51,520,0
2017-11-20,15:55:00,97.5,97.5,97.42,97.42,2761,0
2017-11-20,16:00:00,97.439,97.5165,97.4301,97.5165,4900,0
2017-11-20,16:05:00,97.5024,97.5024,97.4595,97.4595,1836,0
2017-11-20,16:10:00,97.48,97.5,97.48,97.5,438,0
2017-11-20,16:15:00,97.5099,97.5099,97.44,97.45,2216,0
2017-11-20,16:20:00,97.46,97.46,97.44,97.4535,2252,0
2017-11-20,16:25:00,97.4848,97.5199,97.4848,97.5199,1583,0
2017-11-20,16:30:00,97.4896,97.51,97.48,97.5099,1686,0
2017-11-20,16:35:00,97.48,97.49,97.47,97.49,2937,0
2017-11-20,16:40:00,97.479,97.5068,97.479,97.5035,2776,0
2017-11-20,16:45:00,97.505,97.51,97.4832,97.4832,850,0
2017-11-20,16:50:00,97.4764,97.4999,97.47,97.4999,1095,0
2017-11-20,16:55:00,97.5219,97.5699,97.5219,97.55,2448,0
2017-11-20,17:00:00,97.553,97.59,97.5508,97.59,2147,0
2017-11-20,17:05:00,97.589,97.5912,97.587,97.587,3000,0
2017-11-20,17:10:00,97.5905,97.6,97.5882,97.5882,981,0
2017-11-20,17:15:00,97.6,97.64,97.6,97.6356,1284,0
2017-11-20,17:20:00,97.649,97.649,97.6166,97.6166,1918,0
2017-11-20,17:25:00,97.6155,97.63,97.61,97.61,3395,0
2017-11-20,17:30:00,97.5842,97.59,97.5827,97.589,1199,0
2017-11-20,17:35:00,97.5852,97.5852,97.559,97.56,1740,0
2017-11-20,17:40:00,97.5608,97.58,97.5608,97.5651,1285,0
2017-11-20,17:45:00,97.57,97.5999,97.57,97.589,2377,0
2017-11-20,17:50:00,97.5835,97.589,97.572,97.5822,3556,0
2017-11-20,17:55:00,97.5761,97.58,97.5631,97.573,1857,0
2017-11-20,18:00:00,97.58,97.58,97.58,97.58,235,0
2017-11-20,18:05:00,97.585,97.595,97.57,97.575,3596,0
2017-11-20,18:10:00,97.57,97.59,97.57,97.58,36853,0
2017-11-20,18:15:00,97.58,97.58,97.571,97.575,41008,0
2017-11-20,18:20:00,97.57,97.575,97.555,97.5557,4576,0
2017-11-20,18:25:00,97.56,97.565,97.54,97.55,6970,0
2017-11-20,18:30:00,97.56,97.56,97.55,97.55,2400,0
2017-11-20,18:35:00,97.5562,97.5751,97.55,97.5751,2421,0
2017-11-20,18:40:00,97.59,97.6,97.57,97.57,4404,0
2017-11-20,18:45:00,97.58,97.6,97.58,97.58,1787,0
2017-11-20,18:50:00,97.58,97.58,97.56,97.57,2107,0
2017-11-20,18:55:00,97.5831,97.5858,97.58,97.5858,1086,0
2017-11-20,19:00:00,97.5799,97.59,97.575,97.5858,11495,0
2017-11-20,19:05:00,97.5866,97.5866,97.5734,97.5799,1443,0
2017-11-20,19:10:00,97.579,97.589,97.569,97.569,1085,0
2017-11-20,19:15:00,97.5701,97.5828,97.5701,97.5828,632,0
2017-11-20,19:20:00,97.59,97.63,97.59,97.6268,1612,0
2017-11-20,19:25:00,97.6134,97.65,97.6134,97.627,7806,0
2017-11-20,19:30:00,97.6301,97.6333,97.6301,97.6333,261,0
2017-11-20,19:35:00,97.634,97.634,97.61,97.61,1833,0
2017-11-20,19:40:00,97.62,97.6243,97.61,97.6243,1040,0
2017-11-20,19:45:00,97.615,97.63,97.6136,97.6136,715,0
2017-11-20,19:50:00,97.6242,97.64,97.6242,97.6362,1424,0
2017-11-20,19:55:00,97.639,97.639,97.63,97.6325,4274,0
2017-11-20,20:00:00,97.633,97.65,97.633,97.65,1309,0
2017-11-20,20:05:00,97.6599,97.6599,97.62,97.6262,4397,0
2017-11-20,20:10:00,97.6466,97.65,97.635,97.645,1330,0
2017-11-20,20:15:00,97.66,97.66,97.6435,97.66,1031,0
2017-11-20,20:20:00,97.67,97.67,97.6598,97.6598,300,0
2017-11-20,20:25:00,97.653,97.6549,97.6431,97.6462,4426,0
2017-11-20,20:30:00,97.66,97.6669,97.66,97.6669,540,0
2017-11-20,20:35:00,97.6538,97.6649,97.65,97.66,3132,0
2017-11-20,20:40:00,97.6648,97.67,97.6438,97.665,1772,0
2017-11-20,20:45:00,97.6669,97.6764,97.655,97.67,2065,0
2017-11-20,20:50:00,97.6565,97.6667,97.6542,97.655,2043,0
2017-11-20,20:55:00,97.655,97.6669,97.655,97.655,769,0
2017-11-20,21:00:00,97.664,97.67,97.6331,97.6467,3993,0
2017-11-20,21:05:00,97.6599,97.6662,97.64,97.6662,2333,0
2017-11-20,21:10:00,97.669,97.6751,97.65,97.651,1499,0
2017-11-20,21:15:00,97.6258,97.6299,97.6057,97.61,3358,0
2017-11-20,21:20:00,97.6099,97.62,97.6016,97.6169,1240,0
2017-11-20,21:25:00,97.61,97.615,97.5998,97.6,831,0
2017-11-20,21:30:00,97.6,97.61,97.5868,97.609,7443,0
2017-11-20,21:35:00,97.6,97.6,97.561,97.5642,3477,0
2017-11-20,21:40:00,97.58,97.58,97.55,97.57,4270,0
2017-11-20,21:45:00,97.57,97.5763,97.5464,97.55,4853,0
2017-11-20,21:50:00,97.553,97.58,97.553,97.58,3316,0
2017-11-20,21:55:00,97.58,97.59,97.57,97.59,4788,0
2017-11-20,22:00:00,97.6,97.62,97.597,97.62,8356,0
2017-11-21,15:35:00,97.87,97.88,97.81,97.83,13733,0
2017-11-21,15:40:00,97.82,97.87,97.82,97.84,9323,0
2017-11-21,15:45:00,97.85,97.91,97.85,97.91,8459,0
2017-11-21,15:50:00,97.91,97.91,97.88,97.9,5842,0
2017-11-21,15:55:00,97.9072,97.9072,97.87,97.8848,5300,0
2017-11-21,16:00:00,97.9,97.9,97.85,97.87,2942,0
2017-11-21,16:05:00,97.8641,97.89,97.8419,97.881,3230,0
2017-11-21,16:10:00,97.877,97.89,97.871,97.89,4856,0
2017-11-21,16:15:00,97.89,97.94,97.88,97.919,3336,0
2017-11-21,16:20:00,97.93,97.9772,97.93,97.96,8488,0
2017-11-21,16:25:00,97.982,97.9865,97.97,97.97,905,0
2017-11-21,16:30:00,97.96,97.97,97.945,97.961,13712,0
2017-11-21,16:35:00,97.981,98.005,97.96,97.99,3902,0
2017-11-21,16:40:00,97.995,98.005,97.9733,97.975,6971,0
2017-11-21,16:45:00,98,98,97.98,97.985,2337,0
2017-11-21,16:50:00,97.985,97.99,97.9701,97.9801,14305,0
2017-11-21,16:55:00,97.99,98,97.97,97.97,2658,0
2017-11-21,17:00:00,97.955,97.9834,97.955,97.9735,4933,0
2017-11-21,17:05:00,97.98,97.98,97.96,97.98,2662,0
2017-11-21,17:10:00,97.965,97.97,97.9465,97.96,7250,0
2017-11-21,17:15:00,97.98,97.98,97.93,97.93,1128,0
2017-11-21,17:20:00,97.92,97.92,97.9012,97.91,3523,0
2017-11-21,17:25:00,97.9269,97.93,97.92,97.93,2498,0
2017-11-21,17:30:00,97.9348,97.9438,97.93,97.93,2969,0
2017-11-21,17:35:00,97.931,97.9465,97.93,97.9328,1028,0
2017-11-21,17:40:00,97.949,97.96,97.949,97.9511,1588,0
2017-11-21,17:45:00,97.97,97.971,97.9338,97.94,9148,0
2017-11-21,17:50:00,97.9498,97.9569,97.935,97.9569,4915,0
2017-11-21,17:55:00,97.96,97.969,97.9301,97.969,1454,0
2017-11-21,18:00:00,97.9663,97.9863,97.9663,97.98,4191,0
2017-11-21,18:05:00,97.97,97.974,97.9631,97.9631,889,0
2017-11-21,18:10:00,97.961,97.961,97.94,97.94,6530,0
2017-11-21,18:15:00,97.9399,97.94,97.92,97.93,2345,0
2017-11-21,18:20:00,97.928,97.94,97.921,97.921,1663,0
2017-11-21,18:25:00,97.928,97.928,97.9152,97.92,1006,0
2017-11-21,18:30:00,97.911,97.92,97.911,97.92,2377,0
2017-11-21,18:35:00,97.9145,97.93,97.9145,97.9247,2470,0
2017-11-21,18:40:00,97.92,97.94,97.92,97.9351,2348,0
2017-11-21,18:45:00,97.92,97.9245,97.91,97.9199,1379,0
2017-11-21,18:50:00,97.928,97.928,97.9201,97.9201,996,0
2017-11-21,18:55:00,97.9128,97.9128,97.9128,97.9128,1000,0
2017-11-21,19:00:00,97.915,97.9462,97.915,97.93,3719,0
2017-11-21,19:05:00,97.93,97.95,97.93,97.95,4059,0
2017-11-21,19:10:00,97.94,97.9452,97.927,97.927,3020,0
2017-11-21,19:15:00,97.93,97.93,97.9272,97.9272,5193,0
2017-11-21,19:20:00,97.9299,97.93,97.92,97.9248,1455,0
2017-11-21,19:25:00,97.9247,97.94,97.9247,97.93,2351,0
2017-11-21,19:30:00,97.9338,97.956,97.9338,97.943,5994,0
2017-11-21,19:35:00,97.9544,97.959,97.951,97.951,2745,0
2017-11-21,19:40:00,97.956,97.99,97.956,97.99,1017,0
2017-11-21,19:45:00,97.9701,97.98,97.9701,97.98,2575,0
2017-11-21,19:50:00,97.98,97.9976,97.9725,97.99,5192,0
2017-11-21,19:55:00,97.9952,98.02,97.9952,98.0199,2000,0
2017-11-21,20:00:00,97.9999,98,97.9678,97.9678,1193,0
2017-11-21,20:05:00,97.939,97.939,97.939,97.939,550,0
2017-11-21,20:10:00,97.94,97.96,97.94,97.9522,3286,0
2017-11-21,20:15:00,97.97,97.985,97.96,97.985,1939,0
2017-11-21,20:20:00,97.969,97.9999,97.969,97.9999,1930,0
2017-11-21,20:25:00,97.9861,98.01,97.985,97.998,5055,0
2017-11-21,20:30:00,97.9901,98,97.98,97.9862,4438,0
2017-11-21,20:35:00,97.99,97.99,97.961,97.9699,1590,0
2017-11-21,20:40:00,97.96,97.98,97.96,97.98,1529,0
2017-11-21,20:45:00,97.9792,97.9792,97.9501,97.9501,6913,0
2017-11-21,20:50:00,97.969,97.978,97.9601,97.9601,1782,0
2017-11-21,20:55:00,97.97,97.97,97.9637,97.9698,326,0
2017-11-21,21:00:00,97.969,97.99,97.969,97.9848,3929,0
2017-11-21,21:05:00,97.9912,98.005,97.9799,97.9844,7922,0
2017-11-21,21:10:00,97.9626,97.99,97.9626,97.97,1595,0
2017-11-21,21:15:00,97.97,97.97,97.95,97.95,6807,0
2017-11-21,21:20:00,97.96,97.96,97.93,97.939,12840,0
2017-11-21,21:25:00,97.92,97.9434,97.9166,97.9434,4858,0
2017-11-21,21:30:00,97.94,97.96,97.93,97.96,3538,0
2017-11-21,21:35:00,97.95,97.96,97.95,97.96,1955,0
2017-11-21,21:40:00,97.955,97.9599,97.9252,97.94,5422,0
2017-11-21,21:45:00,97.9355,97.9635,97.9355,97.9635,2395,0
2017-11-21,21:50:00,97.96,97.96,97.9301,97.94,3732,0
2017-11-21,21:55:00,97.94,97.943,97.92,97.92,4563,0
2017-11-21,22:00:00,97.92,97.99,97.92,97.98,40279,0
2017-11-22,15:35:00,97.99,98.0152,97.97,98.0152,18036,0
2017-11-22,15:40:00,98.0458,98.0662,97.9876,98.01,18509,0
2017-11-22,15:45:00,98.01,98.01,98.005,98.01,1669,0
2017-11-22,15:50:00,98.04,98.08,98.04,98.0776,1824,0
2017-11-22,15:55:00,98.09,98.09,98.0585,98.08,4010,0
2017-11-22,16:00:00,98.065,98.065,98.04,98.04,5981,0
2017-11-22,16:05:00,98.05,98.0655,98.04,98.0401,1930,0
2017-11-22,16:10:00,98.0462,98.06,98.04,98.041,1856,0
2017-11-22,16:15:00,98.05,98.05,98,98.0301,1005,0
2017-11-22,16:20:00,98.0351,98.04,98.0033,98.0033,1671,0
2017-11-22,16:25:00,98.02,98.02,98,98,8214,0
2017-11-22,16:30:00,98.0099,98.0099,97.98,97.9812,1503,0
2017-11-22,16:35:00,97.965,97.9656,97.95,97.9599,1005,0
2017-11-22,16:40:00,97.9531,97.97,97.921,97.9532,12716,0
2017-11-22,16:45:00,97.9701,98.025,97.9701,98.025,2372,0
2017-11-22,16:50:00,98.01,98.0199,97.9902,97.9902,1705,0
2017-11-22,16:55:00,97.9973,98.01,97.9849,97.997,15734,0
2017-11-22,17:00:00,97.99,98.01,97.98,98,7412,0
2017-11-22,17:05:00,98.01,98.01,97.9728,98,5630,0
2017-11-22,17:10:00,98.0066,98.0066,98.0066,98.0066,500,0
2017-11-22,17:15:00,97.9754,97.985,97.973,97.981,3696,0
2017-11-22,17:20:00,97.9652,97.9763,97.9468,97.9468,1687,0
2017-11-22,17:25:00,97.945,97.9599,97.94,97.9599,1393,0
2017-11-22,17:30:00,97.9449,97.95,97.9363,97.9363,794,0
2017-11-22,17:35:00,97.95,97.96,97.94,97.9532,2150,0
2017-11-22,17:40:00,97.9565,97.9569,97.9552,97.9569,468,0
2017-11-22,17:45:00,97.9499,97.955,97.9499,97.95,1525,0
2017-11-22,17:50:00,97.925,97.94,97.925,97.94,840,0
2017-11-22,17:55:00,97.939,97.98,97.9342,97.98,1861,0
2017-11-22,18:00:00,97.98,97.9866,97.97,97.9855,3288,0
2017-11-22,18:05:00,97.98,97.9899,97.9669,97.9669,1514,0
2017-11-22,18:10:00,97.97,97.97,97.9651,97.9652,1029,0
2017-11-22,18:15:00,97.9602,97.9602,97.94,97.95,1827,0
2017-11-22,18:20:00,97.9699,97.9699,97.93,97.9399,1833,0
2017-11-22,18:25:00,97.91,97.9456,97.91,97.9456,582,0
2017-11-22,18:30:00,97.949,97.949,97.9328,97.94,2373,0
2017-11-22,18:35:00,97.9168,97.9268,97.9133,97.925,2717,0
2017-11-22,18:40:00,97.928,97.93,97.9264,97.9264,501,0
2017-11-22,18:45:00,97.9152,97.9344,97.9152,97.9221,1626,0
2017-11-22,18:50:00,97.926,97.927,97.9151,97.9258,1474,0
2017-11-22,18:55:00,97.9149,97.9468,97.91,97.9452,3133,0
2017-11-22,19:00:00,97.9426,97.9695,97.9426,97.9695,2313,0
2017-11-22,19:05:00,97.95,97.9587,97.9444,97.9444,2097,0
2017-11-22,19:10:00,97.95,97.95,97.95,97.95,575,0
2017-11-22,19:15:00,97.945,97.95,97.9428,97.95,926,0
2017-11-22,19:20:00,97.94,97.94,97.9163,97.93,1706,0
2017-11-22,19:25:00,97.915,97.9162,97.8952,97.91,2598,0
2017-11-22,19:30:00,97.92,97.96,97.92,97.9599,2451,0
2017-11-22,19:35:00,97.9505,97.97,97.9505,97.96,991,0
2017-11-22,19:40:00,97.9599,97.96,97.9499,97.9538,1287,0
2017-11-22,19:45:00,97.935,97.9499,97.92,97.9499,8443,0
2017-11-22,19:50:00,97.947,97.959,97.9401,97.951,1632,0
2017-11-22,19:55:00,97.9441,97.9668,97.9346,97.9558,2035,0
2017-11-22,20:00:00,97.9532,97.98,97.9532,97.98,2771,0
2017-11-22,20:05:00,97.98,97.9803,97.9772,97.98,1857,0
2017-11-22,20:10:00,97.9838,98,97.9801,98,1511,0
2017-11-22,20:15:00,98,98.02,97.9952,98.02,1083,0
2017-11-22,20:20:00,98.007,98.007,97.985,97.9852,888,0
2017-11-22,20:25:00,97.97,97.9857,97.97,97.9857,2841,0
2017-11-22,20:30:00,97.9844,97.9899,97.955,97.955,2962,0
2017-11-22,20:35:00,97.97,97.98,97.97,97.98,320,0
2017-11-22,20:40:00,97.98,98,97.9799,98,1312,0
2017-11-22,20:45:00,97.9952,98,97.99,97.99,1450,0
2017-11-22,20:50:00,97.9901,98.009,97.99,97.99,2728,0
2017-11-22,20:55:00,97.9847,97.99,97.9847,97.99,534,0
2017-11-22,21:00:00,97.99,97.99,97.98,97.99,2177,0
2017-11-22,21:05:00,97.98,97.985,97.9648,97.969,6156,0
2017-11-22,21:10:00,97.97,97.979,97.97,97.97,450,0
2017-11-22,21:15:00,97.9657,97.99,97.9657,97.99,1520,0
2017-11-22,21:20:00,97.99,97.99,97.99,97.99,100,0
2017-11-22,21:25:00,98.0148,98.0148,98.005,98.005,597,0
2017-11-22,21:30:00,97.9999,97.9999,97.98,97.995,3565,0
2017-11-22,21:35:00,97.9928,98,97.975,98,3580,0
2017-11-22,21:40:00,98,98.0152,97.9989,98.0069,2015,0
2017-11-22,21:45:00,98.0099,98.0099,97.989,97.989,4803,0
2017-11-22,21:50:00,97.99,98,97.9762,97.9867,2155,0
2017-11-22,21:55:00,97.99,97.99,97.96,97.965,4851,0
2017-11-22,22:00:00,97.98,97.98,97.93,97.94,8665,0
2017-11-24,15:35:00,98.08,98.18,98.07,98.14,8448,0
2017-11-24,15:40:00,98.15,98.15,98.1,98.11,2710,0
2017-11-24,15:45:00,98.11,98.12,98.0444,98.07,6015,0
2017-11-24,15:50:00,98.08,98.08,98.05,98.07,6051,0
2017-11-24,15:55:00,98.051,98.0556,98.031,98.0556,2777,0
2017-11-24,16:00:00,98.0231,98.04,98.02,98.0362,1550,0
2017-11-24,16:05:00,98.0457,98.05,97.99,98,2778,0
2017-11-24,16:10:00,97.9967,98.0276,97.993,98.0276,1344,0
2017-11-24,16:15:00,98.0469,98.05,98.0432,98.0432,557,0
2017-11-24,16:20:00,98.0467,98.06,98.0467,98.06,821,0
2017-11-24,16:25:00,98.05,98.05,98.0167,98.0167,526,0
2017-11-24,16:30:00,98.02,98.04,98.02,98.04,656,0
2017-11-24,16:35:00,98.04,98.04,98.04,98.04,1292,0
2017-11-24,16:40:00,98.0447,98.0447,98.015,98.015,1438,0
2017-11-24,16:45:00,98.02,98.04,98,98.03,85298,0
2017-11-24,16:50:00,98.02,98.02,98.001,98.0164,2245,0
2017-11-24,16:55:00,98.0147,98.03,98.01,98.02,2017,0
2017-11-24,17:00:00,98.02,98.04,98.02,98.0384,10048,0
2017-11-24,17:05:00,98.0448,98.05,98.0426,98.0426,1532,0
2017-11-24,17:10:00,98.052,98.0575,98.048,98.05,821,0
2017-11-24,17:15:00,98.0509,98.06,98.05,98.06,1096,0
2017-11-24,17:20:00,98.0556,98.0595,98.04,98.05,1042,0
2017-11-24,17:25:00,98.0452,98.06,98.04,98.04,2199,0
2017-11-24,17:30:00,98.049,98.05,98.035,98.0481,1585,0
2017-11-24,17:35:00,98.0369,98.0369,98.0135,98.02,2104,0
2017-11-24,17:40:00,98.03,98.05,98.03,98.05,8263,0
2017-11-24,17:45:00,98.0586,98.069,98.058,98.06,2472,0
2017-11-24,17:50:00,98.0575,98.06,98.05,98.05,1523,0
2017-11-24,17:55:00,98.0349,98.0349,98.0348,98.0348,308,0
2017-11-24,18:00:00,98.04,98.0401,98.0301,98.04,1304,0
2017-11-24,18:05:00,98.0448,98.0657,98.044,98.0657,3963,0
2017-11-24,18:10:00,98.0648,98.0648,98.0536,98.0536,2076,0
2017-11-24,18:20:00,98.06,98.0601,98.06,98.0601,1900,0
2017-11-24,18:25:00,98.0649,98.0649,98.0356,98.0548,3069,0
2017-11-24,18:30:00,98.05,98.06,98.05,98.06,984,0
2017-11-24,18:35:00,98.0549,98.0549,98.0443,98.05,784,0
2017-11-24,18:40:00,98.05,98.0567,98.05,98.0531,6183,0
2017-11-24,18:45:00,98.06,98.06,98.04,98.04,1147,0
2017-11-24,18:50:00,98.04,98.04,98.03,98.03,2513,0
2017-11-24,18:55:00,98.03,98.03,98.01,98.0263,1228,0
2017-11-24,19:00:00,98.0248,98.0248,97.98,97.98,2399,0
2017-11-24,19:05:00,97.99,97.99,97.99,97.99,2175,0
2017-11-24,19:15:00,97.99,97.99,97.99,97.99,0,0
2017-11-24,21:35:00,97.99,97.99,97.99,97.99,0,0
2017-11-24,22:00:00,97.99,97.99,97.99,97.99,0,0
2017-11-27,15:35:00,97.99,98.04,97.905,97.9901,24168,0
2017-11-27,15:40:00,97.9849,97.99,97.941,97.98,3667,0
2017-11-27,15:45:00,98.0313,98.06,98.02,98.06,1894,0
2017-11-27,15:50:00,98.05,98.06,98.03,98.03,1903,0
2017-11-27,15:55:00,98.03,98.03,97.9601,97.9601,867,0
2017-11-27,16:00:00,97.9632,97.98,97.9632,97.98,1500,0
2017-11-27,16:05:00,97.97,97.97,97.9251,97.9251,3008,0
2017-11-27,16:10:00,97.95,97.95,97.8937,97.8937,1261,0
2017-11-27,16:15:00,97.91,97.93,97.9033,97.9214,2756,0
2017-11-27,16:20:00,97.9136,97.97,97.9136,97.97,5048,0
2017-11-27,16:25:00,97.979,97.98,97.952,97.96,2763,0
2017-11-27,16:30:00,97.96,97.9774,97.951,97.951,2788,0
2017-11-27,16:35:00,97.9644,97.9644,97.95,97.95,569,0
2017-11-27,16:40:00,97.943,97.943,97.93,97.93,432,0
2017-11-27,16:45:00,97.94,97.95,97.93,97.949,3443,0
2017-11-27,16:50:00,97.97,97.97,97.94,97.94,2132,0
2017-11-27,16:55:00,97.9349,97.96,97.9349,97.96,3930,0
2017-11-27,17:00:00,97.9355,97.945,97.93,97.94,4100,0
2017-11-27,17:05:00,97.949,97.95,97.94,97.94,1080,0
2017-11-27,17:10:00,97.9431,97.9558,97.9416,97.9416,3684,0
2017-11-27,17:15:00,97.95,97.95,97.91,97.91,5965,0
2017-11-27,17:20:00,97.9,97.9,97.85,97.85,1651,0
2017-11-27,17:25:00,97.84,97.8731,97.8399,97.8731,858,0
2017-11-27,17:30:00,97.8699,97.8699,97.84,97.84,480,0
2017-11-27,17:35:00,97.8262,97.85,97.8262,97.84,5063,0
2017-11-27,17:40:00,97.83,97.83,97.785,97.79,1330,0
2017-11-27,17:45:00,97.81,97.83,97.81,97.81,793,0
2017-11-27,17:50:00,97.8148,97.8567,97.8148,97.8552,1281,0
2017-11-27,17:55:00,97.87,97.87,97.854,97.86,3282,0
2017-11-27,18:00:00,97.87,97.87,97.85,97.865,8826,0
2017-11-27,18:05:00,97.86,97.86,97.841,97.859,2772,0
2017-11-27,18:10:00,97.86,97.8735,97.854,97.854,918,0
2017-11-27,18:15:00,97.8531,97.8756,97.85,97.8644,3017,0
2017-11-27,18:20:00,97.8644,97.889,97.8644,97.8779,3308,0
2017-11-27,18:25:00,97.8647,97.8743,97.861,97.861,1088,0
2017-11-27,18:30:00,97.86,97.8639,97.8436,97.8639,1089,0
2017-11-27,18:35:00,97.8744,97.8744,97.86,97.869,1057,0
2017-11-27,18:40:00,97.87,97.87,97.8599,97.8599,809,0
2017-11-27,18:45:00,97.8472,97.8472,97.8301,97.8301,1490,0
2017-11-27,18:50:00,97.8362,97.84,97.82,97.8252,1451,0
2017-11-27,18:55:00,97.8555,97.8799,97.8465,97.8799,1344,0
2017-11-27,19:00:00,97.8601,97.8768,97.86,97.8699,1465,0
2017-11-27,19:05:00,97.8765,97.91,97.8765,97.91,617,0
2017-11-27,19:10:00,97.912,97.9299,97.91,97.91,2163,0
2017-11-27,19:15:00,97.9156,97.9156,97.9,97.901,2119,0
2017-11-27,19:20:00,97.901,97.91,97.9,97.9052,1337,0
2017-11-27,19:25:00,97.9099,97.91,97.907,97.907,1276,0
2017-11-27,19:30:00,97.89,97.91,97.89,97.909,1331,0
2017-11-27,19:35:00,97.91,97.9199,97.9001,97.9199,1013,0
2017-11-27,19:40:00,97.9067,97.9067,97.8969,97.8969,975,0
2017-11-27,19:45:00,97.9048,97.9135,97.9048,97.9135,466,0
2017-11-27,19:50:00,97.9199,97.92,97.9169,97.92,1089,0
2017-11-27,19:55:00,97.9252,97.9529,97.92,97.9429,9764,0
2017-11-27,20:00:00,97.94,97.959,97.94,97.959,10440,0
2017-11-27,20:05:00,97.965,97.969,97.95,97.9531,2335,0
2017-11-27,20:10:00,97.9574,97.9599,97.9437,97.9437,1152,0
2017-11-27,20:15:00,97.9433,97.9462,97.94,97.9444,2515,0
2017-11-27,20:20:00,97.9437,97.96,97.9437,97.9566,18400,0
2017-11-27,20:25:00,97.9536,97.96,97.94,97.9468,3102,0
2017-11-27,20:30:00,97.94,97.97,97.94,97.9458,4148,0
2017-11-27,20:35:00,97.96,97.97,97.9569,97.9569,12645,0
2017-11-27,20:40:00,97.945,97.96,97.925,97.96,12357,0
2017-11-27,20:45:00,97.9442,97.96,97.9442,97.95,5717,0
2017-11-27,20:50:00,97.9401,97.95,97.93,97.94,1167,0
2017-11-27,20:55:00,97.93,97.93,97.912,97.912,1173,0
2017-11-27,21:00:00,97.93,97.941,97.9214,97.941,1280,0
2017-11-27,21:05:00,97.9336,97.9336,97.9101,97.9101,1540,0
2017-11-27,21:10:00,97.91,97.93,97.91,97.92,1300,0
2017-11-27,21:15:00,97.925,97.94,97.924,97.924,3677,0
2017-11-27,21:20:00,97.9158,97.9167,97.9145,97.9167,619,0
2017-11-27,21:25:00,97.92,97.95,97.92,97.95,3841,0
2017-11-27,21:30:00,97.9493,97.9493,97.9333,97.9357,6527,0
2017-11-27,21:35:00,97.94,97.9501,97.94,97.95,4302,0
2017-11-27,21:40:00,97.95,97.9549,97.9433,97.9462,3451,0
2017-11-27,21:45:00,97.9431,97.9452,97.9342,97.94,6106,0
2017-11-27,21:50:00,97.95,97.95,97.933,97.9363,7071,0
2017-11-27,21:55:00,97.95,97.95,97.93,97.94,2273,0
2017-11-27,22:00:00,97.9331,97.95,97.89,97.89,18167,0
2017-11-28,15:35:00,98.01,98.07,98.01,98.04,17220,0
2017-11-28,15:40:00,98.03,98.045,97.98,97.99,38635,0
2017-11-28,15:45:00,98.0044,98.06,98.0044,98.06,717,0
2017-11-28,15:50:00,98.08,98.08,98.0078,98.01,1915,0
2017-11-28,15:55:00,98.01,98.021,98.0062,98.021,650,0
2017-11-28,16:00:00,98.0459,98.0571,98.0459,98.0571,240,0
2017-11-28,16:05:00,98.07,98.07,98.05,98.05,6196,0
2017-11-28,16:10:00,98.062,98.1132,98.062,98.1132,1217,0
2017-11-28,16:15:00,98.1299,98.15,98.1265,98.14,2073,0
2017-11-28,16:20:00,98.1366,98.1401,98.1336,98.14,4034,0
2017-11-28,16:25:00,98.156,98.1899,98.156,98.18,6492,0
2017-11-28,16:30:00,98.18,98.2,98.14,98.14,5511,0
2017-11-28,16:35:00,98.149,98.1578,98.1431,98.1578,538,0
2017-11-28,16:40:00,98.165,98.2035,98.165,98.2035,2996,0
2017-11-28,16:45:00,98.21,98.2199,98.19,98.2121,3644,0
2017-11-28,16:50:00,98.221,98.23,98.211,98.2238,2548,0
2017-11-28,16:55:00,98.213,98.23,98.2044,98.209,5689,0
2017-11-28,17:00:00,98.201,98.24,98.201,98.235,2768,0
2017-11-28,17:05:00,98.25,98.25,98.2335,98.2353,2320,0
2017-11-28,17:10:00,98.2635,98.2635,98.245,98.2595,541,0
2017-11-28,17:15:00,98.2367,98.2467,98.226,98.226,1651,0
2017-11-28,17:20:00,98.2278,98.249,98.2162,98.24,3108,0
2017-11-28,17:25:00,98.2453,98.249,98.2206,98.2206,2874,0
2017-11-28,17:30:00,98.22,98.2457,98.22,98.235,6000,0
2017-11-28,17:35:00,98.2447,98.265,98.2433,98.26,1346,0
2017-11-28,17:40:00,98.265,98.3767,98.265,98.37,2472,0
2017-11-28,17:45:00,98.37,98.3732,98.35,98.3615,2097,0
2017-11-28,17:50:00,98.36,98.37,98.36,98.37,1552,0
2017-11-28,17:55:00,98.382,98.4,98.382,98.3944,2554,0
2017-11-28,18:00:00,98.39,98.4165,98.39,98.4165,1012,0
2017-11-28,18:05:00,98.4167,98.4347,98.4167,98.4347,825,0
2017-11-28,18:10:00,98.4334,98.4444,98.4334,98.4444,1011,0
2017-11-28,18:15:00,98.451,98.471,98.44,98.471,3181,0
2017-11-28,18:20:00,98.4638,98.499,98.4576,98.4886,5163,0
2017-11-28,18:25:00,98.52,98.539,98.5147,98.539,5356,0
2017-11-28,18:30:00,98.5343,98.5528,98.5323,98.5323,2075,0
2017-11-28,18:35:00,98.5256,98.54,98.511,98.511,1766,0
2017-11-28,18:40:00,98.515,98.535,98.5149,98.5265,1745,0
2017-11-28,18:45:00,98.53,98.5368,98.5138,98.5162,4201,0
2017-11-28,18:50:00,98.5147,98.52,98.5147,98.5165,1726,0
2017-11-28,18:55:00,98.52,98.539,98.52,98.5365,905,0
2017-11-28,19:00:00,98.555,98.5866,98.55,98.5866,1153,0
2017-11-28,19:05:00,98.59,98.6453,98.59,98.6453,1972,0
2017-11-28,19:10:00,98.63,98.6871,98.63,98.6871,9940,0
2017-11-28,19:15:00,98.7,98.7,98.66,98.66,671,0
2017-11-28,19:20:00,98.645,98.65,98.63,98.63,1435,0
2017-11-28,19:25:00,98.63,98.63,98.55,98.5798,5193,0
2017-11-28,19:30:00,98.57,98.57,98.5401,98.5401,436,0
2017-11-28,19:35:00,98.58,98.619,98.5772,98.619,2171,0
2017-11-28,19:40:00,98.61,98.61,98.5838,98.5838,1454,0
2017-11-28,19:45:00,98.5943,98.5999,98.59,98.5948,5239,0
2017-11-28,19:50:00,98.5866,98.5885,98.5456,98.5456,2784,0
2017-11-28,19:55:00,98.5531,98.5531,98.47,98.4799,3468,0
2017-11-28,20:00:00,98.46,98.4794,98.4359,98.44,4115,0
2017-11-28,20:05:00,98.449,98.449,98.39,98.4,3470,0
2017-11-28,20:10:00,98.45,98.4847,98.45,98.4847,2286,0
2017-11-28,20:15:00,98.481,98.5001,98.481,98.4823,1531,0
2017-11-28,20:20:00,98.4753,98.4877,98.4701,98.4701,2786,0
2017-11-28,20:25:00,98.5,98.528,98.494,98.52,11225,0
2017-11-28,20:30:00,98.5332,98.57,98.5332,98.56,18236,0
2017-11-28,20:35:00,98.56,98.6156,98.5599,98.6156,3780,0
2017-11-28,20:40:00,98.612,98.63,98.61,98.62,6421,0
2017-11-28,20:45:00,98.62,98.68,98.62,98.6764,7000,0
2017-11-28,20:50:00,98.72,98.72,98.6801,98.71,10220,0
2017-11-28,20:55:00,98.71,98.7862,98.708,98.7862,1666,0
2017-11-28,21:00:00,98.8,98.819,98.7718,98.8001,3965,0
2017-11-28,21:05:00,98.7962,98.805,98.7832,98.8,5903,0
2017-11-28,21:10:00,98.81,98.86,98.81,98.84,3377,0
2017-11-28,21:15:00,98.8762,98.9142,98.8762,98.91,8283,0
2017-11-28,21:20:00,98.9201,98.978,98.9201,98.978,6887,0
2017-11-28,21:25:00,98.9756,99,98.97,99,2091,0
2017-11-28,21:30:00,98.98,98.98,98.92,98.9258,9284,0
2017-11-28,21:35:00,98.93,98.95,98.9256,98.93,8726,0
2017-11-28,21:40:00,98.94,98.94,98.895,98.92,6485,0
2017-11-28,21:45:00,98.9,98.98,98.9,98.98,16906,0
2017-11-28,21:50:00,98.97,98.993,98.97,98.97,7050,0
2017-11-28,21:55:00,98.98,99.0191,98.97,99.01,9486,0
2017-11-28,22:00:00,99.0101,99.02,98.97,99.02,6947,0
2017-11-29,15:35:00,99.03,99.2335,99.03,99.22,13543,0
2017-11-29,15:40:00,99.21,99.329,99.21,99.329,2281,0
2017-11-29,15:45:00,99.33,99.43,99.33,99.43,1624,0
2017-11-29,15:50:00,99.45,99.4699,99.43,99.45,2439,0
2017-11-29,15:55:00,99.47,99.52,99.47,99.513,5438,0
2017-11-29,16:00:00,99.519,99.622,99.519,99.622,2661,0
2017-11-29,16:05:00,99.61,99.61,99.57,99.606,2496,0
2017-11-29,16:10:00,99.5922,99.609,99.552,99.57,7616,0
2017-11-29,16:15:00,99.5487,99.6,99.5487,99.5776,1620,0
2017-11-29,16:20:00,99.56,99.56,99.4604,99.47,9243,0
2017-11-29,16:25:00,99.46,99.5009,99.43,99.48,18888,0
2017-11-29,16:30:00,99.47,99.47,99.39,99.39,1125,0
2017-11-29,16:35:00,99.4,99.43,99.38,99.43,3015,0
2017-11-29,16:40:00,99.4747,99.53,99.4747,99.53,2072,0
2017-11-29,16:45:00,99.51,99.54,99.5,99.5012,2697,0
2017-11-29,16:50:00,99.4798,99.4851,99.45,99.48,2931,0
2017-11-29,16:55:00,99.4697,99.48,99.44,99.48,13844,0
2017-11-29,17:00:00,99.475,99.52,99.45,99.47,3137,0
2017-11-29,17:05:00,99.4426,99.5,99.44,99.47,2455,0
2017-11-29,17:10:00,99.4606,99.4706,99.435,99.435,595,0
2017-11-29,17:15:00,99.43,99.488,99.4,99.46,5176,0
2017-11-29,17:20:00,99.4643,99.49,99.46,99.49,2554,0
2017-11-29,17:25:00,99.48,99.48,99.4,99.4,4096,0
2017-11-29,17:30:00,99.4191,99.46,99.38,99.46,3801,0
2017-11-29,17:35:00,99.43,99.47,99.43,99.47,1199,0
2017-11-29,17:40:00,99.5,99.5,99.47,99.4835,2600,0
2017-11-29,17:45:00,99.4745,99.4745,99.4118,99.4118,1410,0
2017-11-29,17:50:00,99.3898,99.4173,99.3898,99.4173,2957,0
2017-11-29,17:55:00,99.41,99.4369,99.4,99.4342,4888,0
2017-11-29,18:00:00,99.4038,99.4038,99.3801,99.3929,817,0
2017-11-29,18:05:00,99.384,99.41,99.35,99.38,3029,0
2017-11-29,18:10:00,99.4,99.4,99.36,99.375,1754,0
2017-11-29,18:15:00,99.439,99.439,99.42,99.4216,2170,0
2017-11-29,18:20:00,99.4244,99.4555,99.4244,99.44,593,0
2017-11-29,18:25:00,99.4698,99.4698,99.4636,99.4636,315,0
2017-11-29,18:30:00,99.47,99.4838,99.44,99.44,2010,0
2017-11-29,18:35:00,99.44,99.44,99.38,99.3932,2737,0
2017-11-29,18:40:00,99.4296,99.469,99.4288,99.469,922,0
2017-11-29,18:45:00,99.4907,99.5099,99.49,99.49,2119,0
2017-11-29,18:50:00,99.47,99.5167,99.47,99.5167,3311,0
2017-11-29,18:55:00,99.5064,99.52,99.4843,99.49,7240,0
2017-11-29,19:00:00,99.48,99.53,99.48,99.499,7434,0
2017-11-29,19:05:00,99.51,99.51,99.4799,99.4799,4592,0
2017-11-29,19:10:00,99.48,99.48,99.448,99.4512,1951,0
2017-11-29,19:15:00,99.435,99.4356,99.4339,99.4339,421,0
2017-11-29,19:20:00,99.43,99.45,99.43,99.44,3789,0
2017-11-29,19:25:00,99.4433,99.4569,99.4362,99.4362,1294,0
2017-11-29,19:30:00,99.4453,99.4469,99.44,99.44,1352,0
2017-11-29,19:35:00,99.4362,99.4449,99.4065,99.4065,2250,0
2017-11-29,19:40:00,99.39,99.39,99.371,99.371,737,0
2017-11-29,19:45:00,99.371,99.3905,99.36,99.3905,1220,0
2017-11-29,19:50:00,99.3864,99.3864,99.375,99.38,3184,0
2017-11-29,19:55:00,99.39,99.41,99.361,99.37,3562,0
2017-11-29,20:00:00,99.36,99.399,99.35,99.399,1802,0
2017-11-29,20:05:00,99.386,99.4588,99.386,99.4588,2391,0
2017-11-29,20:10:00,99.4506,99.4644,99.4506,99.4644,668,0
2017-11-29,20:15:00,99.4544,99.5098,99.4544,99.49,1794,0
2017-11-29,20:20:00,99.4788,99.5136,99.4788,99.5136,6044,0
2017-11-29,20:25:00,99.5001,99.53,99.497,99.53,2937,0
2017-11-29,20:30:00,99.5287,99.529,99.5,99.5169,1942,0
2017-11-29,20:35:00,99.523,99.529,99.47,99.49,3579,0
2017-11-29,20:40:00,99.46,99.4813,99.44,99.44,2842,0
2017-11-29,20:45:00,99.44,99.479,99.44,99.454,1073,0
2017-11-29,20:50:00,99.4312,99.47,99.4244,99.47,13292,0
2017-11-29,20:55:00,99.47,99.47,99.4443,99.4569,5990,0
2017-11-29,21:00:00,99.471,99.471,99.4275,99.437,1938,0
2017-11-29,21:05:00,99.4257,99.44,99.421,99.44,1499,0
2017-11-29,21:10:00,99.42,99.44,99.41,99.43,4027,0
2017-11-29,21:15:00,99.4331,99.4478,99.419,99.419,4050,0
2017-11-29,21:20:00,99.42,99.435,99.4001,99.435,1699,0
2017-11-29,21:25:00,99.42,99.449,99.42,99.44,4287,0
2017-11-29,21:30:00,99.442,99.4563,99.43,99.44,1199,0
2017-11-29,21:35:00,99.46,99.49,99.4488,99.48,1892,0
2017-11-29,21:40:00,99.451,99.46,99.4431,99.4506,2132,0
2017-11-29,21:45:00,99.4598,99.4598,99.4237,99.45,4967,0
2017-11-29,21:50:00,99.4549,99.4699,99.4447,99.45,1376,0
2017-11-29,21:55:00,99.47,99.5,99.47,99.4953,4058,0
2017-11-29,22:00:00,99.5,99.52,99.48,99.48,12342,0
2017-11-30,15:35:00,99.73,100,99.73,99.99,17157,0
2017-11-30,15:40:00,99.99,100.107,99.99,100.107,28882,0
2017-11-30,15:45:00,100.09,100.09,100.0004,100.0475,7104,0
2017-11-30,15:50:00,100.05,100.064,99.9657,99.967,4986,0
2017-11-30,15:55:00,99.94,99.9436,99.91,99.92,1050,0
2017-11-30,16:00:00,99.99,100.0687,99.99,100.0687,4628,0
2017-11-30,16:05:00,100.0689,100.0689,100.01,100.0397,2127,0
2017-11-30,16:10:00,100.07,100.09,100.06,100.06,1301,0
2017-11-30,16:15:00,100.07,100.169,100.07,100.13,2626,0
2017-11-30,16:20:00,100.11,100.11,100.03,100.03,2853,0
2017-11-30,16:25:00,100.0262,100.0262,99.98,99.99,4296,0
2017-11-30,16:30:00,99.9776,99.983,99.95,99.96,2761,0
2017-11-30,16:35:00,99.97,99.97,99.8695,99.8695,5541,0
2017-11-30,16:40:00,99.87,99.87,99.7423,99.7423,2331,0
2017-11-30,16:45:00,99.77,99.86,99.77,99.86,5573,0
2017-11-30,16:50:00,99.85,99.87,99.8401,99.8607,6587,0
2017-11-30,16:55:00,99.84,99.89,99.83,99.89,1350,0
2017-11-30,17:00:00,99.93,100.0809,99.9227,100.0809,6454,0
2017-11-30,17:05:00,100.07,100.21,100.07,100.15,5413,0
2017-11-30,17:10:00,100.1468,100.199,100.1468,100.16,2937,0
2017-11-30,17:15:00,100.1638,100.21,100.1638,100.21,1000,0
2017-11-30,17:20:00,100.23,100.27,100.2209,100.2521,6500,0
2017-11-30,17:25:00,100.245,100.245,100.19,100.19,6341,0
2017-11-30,17:30:00,100.2022,100.2022,100.15,100.15,4111,0
2017-11-30,17:35:00,100.15,100.19,100.15,100.18,6884,0
2017-11-30,17:40:00,100.17,100.17,100.1379,100.16,5862,0
2017-11-30,17:45:00,100.17,100.1769,100.13,100.163,5700,0
2017-11-30,17:50:00,100.15,100.18,100.15,100.18,6971,0
2017-11-30,17:55:00,100.19,100.19,100.1822,100.1822,438,0
2017-11-30,18:00:00,100.2,100.22,100.189,100.22,1780,0
2017-11-30,18:05:00,100.2269,100.24,100.22,100.233,3779,0
2017-11-30,18:10:00,100.22,100.2865,100.22,100.2835,2390,0
2017-11-30,18:15:00,100.296,100.3701,100.296,100.3701,2333,0
2017-11-30,18:20:00,100.3956,100.4088,100.39,100.39,1548,0
2017-11-30,18:25:00,100.43,100.46,100.43,100.46,2271,0
2017-11-30,18:30:00,100.477,100.489,100.47,100.48,2515,0
2017-11-30,18:35:00,100.4743,100.54,100.4743,100.5155,3609,0
2017-11-30,18:40:00,100.5101,100.5764,100.5101,100.56,3085,0
2017-11-30,18:45:00,100.59,100.62,100.57,100.6,2233,0
2017-11-30,18:50:00,100.65,100.71,100.65,100.68,3453,0
2017-11-30,18:55:00,100.677,100.6899,100.5994,100.6,4877,0
2017-11-30,19:00:00,100.58,100.58,100.5276,100.54,2684,0
2017-11-30,19:05:00,100.553,100.6313,100.553,100.5613,4348,0
2017-11-30,19:10:00,100.55,100.5616,100.53,100.5344,3514,0
2017-11-30,19:15:00,100.5086,100.53,100.5086,100.53,992,0
2017-11-30,19:20:00,100.5138,100.519,100.45,100.4754,6178,0
2017-11-30,19:25:00,100.45,100.46,100.42,100.42,600,0
2017-11-30,19:30:00,100.44,100.51,100.44,100.4648,5256,0
2017-11-30,19:35:00,100.466,100.466,100.39,100.3969,7935,0
2017-11-30,19:40:00,100.41,100.41,100.37,100.37,1571,0
2017-11-30,19:45:00,100.3625,100.3625,100.3,100.31,2757,0
2017-11-30,19:50:00,100.31,100.33,100.29,100.3066,5551,0
2017-11-30,19:55:00,100.2824,100.29,100.2265,100.23,6688,0
2017-11-30,20:00:00,100.23,100.2698,100.2082,100.25,4059,0
2017-11-30,20:05:00,100.27,100.3,100.27,100.3,3821,0
2017-11-30,20:10:00,100.29,100.29,100.2443,100.2443,3612,0
2017-11-30,20:15:00,100.2499,100.32,100.249,100.2971,2248,0
2017-11-30,20:20:00,100.3,100.31,100.2862,100.31,3894,0
2017-11-30,20:25:00,100.3067,100.32,100.3067,100.3136,2978,0
2017-11-30,20:30:00,100.3228,100.38,100.3228,100.38,4306,0
2017-11-30,20:35:00,100.39,100.39,100.3471,100.3706,8789,0
2017-11-30,20:40:00,100.3611,100.3611,100.27,100.2901,8619,0
2017-11-30,20:45:00,100.32,100.331,100.32,100.32,1649,0
2017-11-30,20:50:00,100.3274,100.3274,100.319,100.32,1394,0
2017-11-30,20:55:00,100.3274,100.34,100.3156,100.34,5961,0
2017-11-30,21:00:00,100.32,100.32,100.27,100.2731,5195,0
2017-11-30,21:05:00,100.275,100.275,100.18,100.18,4301,0
2017-11-30,21:10:00,100.17,100.17,100.1,100.1,4610,0
2017-11-30,21:15:00,100.116,100.15,100.0994,100.15,3890,0
2017-11-30,21:20:00,100.17,100.1963,100.1655,100.1655,3864,0
2017-11-30,21:25:00,100.1658,100.2,100.16,100.1965,3289,0
2017-11-30,21:30:00,100.2,100.22,100.195,100.22,3861,0
2017-11-30,21:35:00,100.225,100.225,100.1938,100.1969,6846,0
2017-11-30,21:40:00,100.215,100.239,100.11,100.1198,16964,0
2017-11-30,21:45:00,100.12,100.1738,100.113,100.1581,7921,0
2017-11-30,21:50:00,100.17,100.3798,100.17,100.3695,14602,0
2017-11-30,21:55:00,100.4162,100.4162,100.3199,100.36,11018,0
2017-11-30,22:00:00,100.35,100.35,100.23,100.25,22606,0
2017-12-01,15:35:00,100.27,100.48,100.19,100.19,26590,0
2017-12-01,15:40:00,100.205,100.2242,100.15,100.22,6446,0
2017-12-01,15:45:00,100.23,100.26,100.13,100.13,8985,0
2017-12-01,15:50:00,100.125,100.1915,100.11,100.1915,5336,0
2017-12-01,15:55:00,100.19,100.21,100.14,100.15,2895,0
2017-12-01,16:00:00,100.16,100.19,100.15,100.17,1700,0
2017-12-01,16:05:00,100.15,100.16,100.05,100.07,9223,0
2017-12-01,16:10:00,100.06,100.16,100.06,100.12,8880,0
2017-12-01,16:15:00,100.15,100.24,100.148,100.21,4648,0
2017-12-01,16:20:00,100.21,100.31,100.21,100.31,7900,0
2017-12-01,16:25:00,100.2907,100.3303,100.22,100.22,3005,0
2017-12-01,16:30:00,100.2201,100.2298,100.1977,100.22,5458,0
2017-12-01,16:35:00,100.235,100.3,100.235,100.2798,1706,0
2017-12-01,16:40:00,100.249,100.2699,100.16,100.16,3247,0
2017-12-01,16:45:00,100.2,100.299,100.2,100.24,5522,0
2017-12-01,16:50:00,100.2622,100.28,100.25,100.28,6620,0
2017-12-01,16:55:00,100.2899,100.31,100.2899,100.3,2432,0
2017-12-01,17:00:00,100.31,100.315,100.2975,100.3062,4488,0
2017-12-01,17:05:00,100.28,100.28,100.24,100.26,5503,0
2017-12-01,17:10:00,100.25,100.265,99.85,99.88,8190,0
2017-12-01,17:15:00,99.95,99.97,99.06,99.4,43410,0
2017-12-01,17:20:00,99.37,99.58,99.37,99.58,16087,0
2017-12-01,17:25:00,99.58,99.58,99.18,99.21,12228,0
2017-12-01,17:30:00,99.1294,99.23,98.84,98.89,19853,0
2017-12-01,17:35:00,98.88,99.17,98.56,99.03,36555,0
2017-12-01,17:40:00,99.0417,99.3,98.93,99.3,5293,0
2017-12-01,17:45:00,99.35,99.39,99.2,99.2,4600,0
2017-12-01,17:50:00,99.21,99.21,99.0801,99.0832,7526,0
2017-12-01,17:55:00,99.05,99.26,98.928,99.17,32739,0
2017-12-01,18:00:00,99.26,99.53,99.1153,99.5027,2758,0
2017-12-01,18:05:00,99.45,99.56,99.41,99.54,1902,0
2017-12-01,18:10:00,99.581,99.6699,99.45,99.5662,7344,0
2017-12-01,18:15:00,99.56,99.58,99.49,99.54,4648,0
2017-12-01,18:20:00,99.59,99.73,99.45,99.4586,11093,0
2017-12-01,18:25:00,99.56,99.61,99.5193,99.58,5589,0
2017-12-01,18:30:00,99.61,99.615,99.539,99.5587,3285,0
2017-12-01,18:35:00,99.589,99.59,99.52,99.52,6059,0
2017-12-01,18:40:00,99.54,99.62,99.54,99.58,2367,0
2017-12-01,18:45:00,99.57,99.65,99.55,99.63,6671,0
2017-12-01,18:50:00,99.66,99.7714,99.62,99.7499,9053,0
2017-12-01,18:55:00,99.77,99.8,99.74,99.74,8781,0
2017-12-01,19:00:00,99.75,99.823,99.75,99.81,4481,0
2017-12-01,19:05:00,99.8,99.84,99.76,99.76,3421,0
2017-12-01,19:10:00,99.76,99.76,99.73,99.74,1017,0
2017-12-01,19:15:00,99.8,99.855,99.8,99.85,9488,0
2017-12-01,19:20:00,99.84,99.8601,99.81,99.8591,4035,0
2017-12-01,19:25:00,99.851,99.89,99.85,99.89,1999,0
2017-12-01,19:30:00,99.889,99.9,99.87,99.88,3069,0
2017-12-01,19:35:00,99.89,100.02,99.8778,100.02,8748,0
2017-12-01,19:40:00,100.0168,100.03,99.99,99.99,4051,0
2017-12-01,19:45:00,100,100,99.9125,99.9163,3388,0
2017-12-01,19:50:00,99.92,99.92,99.83,99.8749,5130,0
2017-12-01,19:55:00,99.898,99.93,99.8911,99.93,2338,0
2017-12-01,20:00:00,99.9217,99.94,99.91,99.91,2312,0
2017-12-01,20:05:00,99.9038,99.9762,99.8928,99.97,6572,0
2017-12-01,20:10:00,99.94,99.959,99.8978,99.95,4784,0
2017-12-01,20:15:00,99.95,100.01,99.931,99.95,7903,0
2017-12-01,20:20:00,99.93,99.96,99.93,99.95,1600,0
2017-12-01,20:25:00,99.94,99.9669,99.93,99.93,4460,0
2017-12-01,20:30:00,99.91,99.9823,99.91,99.97,8628,0
2017-12-01,20:35:00,99.95,99.965,99.915,99.9199,3622,0
2017-12-01,20:40:00,99.9242,99.96,99.9,99.916,4552,0
2017-12-01,20:45:00,99.9199,99.9199,99.84,99.84,11981,0
2017-12-01,20:50:00,99.84,99.859,99.791,99.8299,6255,0
2017-12-01,20:55:00,99.82,99.8338,99.79,99.8288,4333,0
2017-12-01,21:00:00,99.8392,99.86,99.81,99.8546,9375,0
2017-12-01,21:05:00,99.84,99.8737,99.75,99.8737,8744,0
2017-12-01,21:10:00,99.85,99.9031,99.841,99.9031,4597,0
2017-12-01,21:15:00,99.9198,99.9198,99.89,99.89,3445,0
2017-12-01,21:20:00,99.8832,99.92,99.8832,99.9,3106,0
2017-12-01,21:25:00,99.91,99.93,99.9,99.91,4068,0
2017-12-01,21:30:00,99.91,99.94,99.91,99.94,2262,0
2017-12-01,21:35:00,99.955,99.96,99.94,99.94,1910,0
2017-12-01,21:40:00,99.97,99.9856,99.96,99.9716,5237,0
2017-12-01,21:45:00,99.9954,100.0916,99.9954,100.07,11679,0
2017-12-01,21:50:00,100.06,100.08,99.98,100,14618,0
2017-12-01,21:55:00,100.01,100.0542,100.01,100.03,11997,0
2017-12-01,22:00:00,100.04,100.09,100.025,100.05,26717,0
2017-12-04,15:35:00,100.7,100.94,100.61,100.89,29216,0
2017-12-04,15:40:00,100.9,100.93,100.86,100.9077,2253,0
2017-12-04,15:45:00,100.91,101.04,100.91,100.98,3100,0
2017-12-04,15:50:00,101,101,100.93,100.931,10605,0
2017-12-04,15:55:00,100.9425,100.9425,100.8667,100.92,4869,0
2017-12-04,16:00:00,100.9,100.96,100.89,100.92,81810,0
2017-12-04,16:05:00,100.95,100.99,100.91,100.98,4609,0
2017-12-04,16:10:00,100.9857,101.01,100.97,100.99,14881,0
2017-12-04,16:15:00,101.0162,101.0162,100.93,100.9711,8038,0
2017-12-04,16:20:00,100.97,101.019,100.95,100.961,4784,0
2017-12-04,16:25:00,100.9755,100.98,100.939,100.98,6490,0
2017-12-04,16:30:00,100.98,101.019,100.9638,101.0068,12173,0
2017-12-04,16:35:00,101.0097,101.0097,100.98,100.98,3132,0
2017-12-04,16:40:00,100.98,101.03,100.97,101.01,7714,0
2017-12-04,16:45:00,101.02,101.03,100.891,100.891,4381,0
2017-12-04,16:50:00,100.84,100.9113,100.805,100.9113,4006,0
2017-12-04,16:55:00,100.9298,100.9298,100.75,100.77,10428,0
2017-12-04,17:00:00,100.8,100.89,100.78,100.87,10053,0
2017-12-04,17:05:00,100.9,100.9,100.83,100.89,4548,0
2017-12-04,17:10:00,100.89,100.9,100.8399,100.84,25894,0
2017-12-04,17:15:00,100.8412,100.89,100.785,100.83,6524,0
2017-12-04,17:20:00,100.8296,100.9,100.8296,100.8999,7431,0
2017-12-04,17:25:00,100.9368,100.97,100.9368,100.97,635,0
2017-12-04,17:30:00,100.95,100.96,100.91,100.94,7604,0
2017-12-04,17:35:00,100.93,100.97,100.9004,100.9231,3555,0
2017-12-04,17:40:00,100.93,101.059,100.9204,101.04,4675,0
2017-12-04,17:45:00,101.0499,101.05,100.981,100.981,5504,0
2017-12-04,17:50:00,100.96,100.98,100.92,100.97,2650,0
2017-12-04,17:55:00,100.975,101.005,100.9463,100.9463,4070,0
2017-12-04,18:00:00,100.94,100.99,100.94,100.98,3338,0
2017-12-04,18:05:00,100.98,101.01,100.9758,100.9758,2086,0
2017-12-04,18:10:00,101,101.05,101,101,3660,0
2017-12-04,18:15:00,101,101.025,100.9858,101.01,4316,0
2017-12-04,18:20:00,101.02,101.02,100.985,100.99,8024,0
2017-12-04,18:25:00,100.99,101,100.92,100.92,2901,0
2017-12-04,18:30:00,100.9109,100.9188,100.85,100.87,6372,0
2017-12-04,18:35:00,100.88,100.88,100.8,100.86,4630,0
2017-12-04,18:40:00,100.84,100.865,100.762,100.8005,9709,0
2017-12-04,18:45:00,100.8,100.85,100.8,100.83,1262,0
2017-12-04,18:50:00,100.83,100.869,100.83,100.84,4354,0
2017-12-04,18:55:00,100.85,100.8599,100.815,100.815,3789,0
2017-12-04,19:00:00,100.82,100.85,100.8,100.8372,3502,0
2017-12-04,19:05:00,100.83,100.86,100.829,100.84,2047,0
2017-12-04,19:10:00,100.849,100.86,100.81,100.815,3139,0
2017-12-04,19:15:00,100.82,100.8535,100.8199,100.8535,1191,0
2017-12-04,19:20:00,100.86,100.86,100.8,100.8,1691,0
2017-12-04,19:25:00,100.84,100.8415,100.84,100.8415,1064,0
2017-12-04,19:30:00,100.86,100.86,100.8139,100.8139,5117,0
2017-12-04,19:35:00,100.82,100.86,100.8171,100.86,2112,0
2017-12-04,19:40:00,100.8766,100.91,100.871,100.895,2781,0
2017-12-04,19:45:00,100.8862,100.92,100.8844,100.91,3204,0
2017-12-04,19:50:00,100.92,100.92,100.8844,100.8844,2593,0
2017-12-04,19:55:00,100.88,100.9,100.8667,100.9,15123,0
2017-12-04,20:00:00,100.8962,100.8962,100.88,100.89,3637,0
2017-12-04,20:05:00,100.89,100.89,100.82,100.82,6915,0
2017-12-04,20:10:00,100.81,100.81,100.75,100.75,3560,0
2017-12-04,20:15:00,100.725,100.7498,100.69,100.69,11755,0
2017-12-04,20:20:00,100.6889,100.7,100.64,100.6424,2392,0
2017-12-04,20:25:00,100.67,100.685,100.63,100.63,3620,0
2017-12-04,20:30:00,100.61,100.65,100.61,100.64,13483,0
2017-12-04,20:35:00,100.64,100.65,100.542,100.542,29492,0
2017-12-04,20:40:00,100.56,100.62,100.56,100.6004,4229,0
2017-12-04,20:45:00,100.64,100.64,100.57,100.5967,10536,0
2017-12-04,20:50:00,100.63,100.6304,100.5798,100.5798,10825,0
2017-12-04,20:55:00,100.56,100.62,100.55,100.6187,3969,0
2017-12-04,21:00:00,100.62,100.6247,100.59,100.61,7439,0
2017-12-04,21:05:00,100.595,100.595,100.5304,100.58,3028,0
2017-12-04,21:10:00,100.59,100.61,100.5531,100.605,7588,0
2017-12-04,21:15:00,100.6,100.61,100.55,100.56,3105,0
2017-12-04,21:20:00,100.5455,100.5699,100.52,100.52,5957,0
2017-12-04,21:25:00,100.52,100.59,100.52,100.59,17333,0
2017-12-04,21:30:00,100.58,100.58,100.52,100.5201,2786,0
2017-12-04,21:35:00,100.52,100.55,100.47,100.4777,4207,0
2017-12-04,21:40:00,100.48,100.4899,100.37,100.37,18126,0
2017-12-04,21:45:00,100.36,100.39,100.34,100.38,8353,0
2017-12-04,21:50:00,100.36,100.38,100.29,100.3007,10700,0
2017-12-04,21:55:00,100.31,100.35,100.29,100.31,8080,0
2017-12-04,22:00:00,100.32,100.35,100.28,100.28,28403,0
2017-12-05,15:35:00,100.4,100.4,100.291,100.2971,7952,0
2017-12-05,15:40:00,100.3065,100.3065,100.16,100.18,2313,0
2017-12-05,15:45:00,100.14,100.14,100.01,100.12,10453,0
2017-12-05,15:50:00,100.12,100.12,99.9668,100.05,9447,0
2017-12-05,15:55:00,100.05,100.08,100.02,100.02,4987,0
2017-12-05,16:00:00,100.03,100.06,99.99,99.99,4153,0
2017-12-05,16:05:00,99.9847,100.09,99.98,100.09,4826,0
2017-12-05,16:10:00,100.12,100.12,100.04,100.06,3150,0
2017-12-05,16:15:00,100.07,100.1439,100.066,100.1076,2328,0
2017-12-05,16:20:00,100.13,100.15,100.08,100.15,2832,0
2017-12-05,16:25:00,100.165,100.17,100.12,100.12,3842,0
2017-12-05,16:30:00,100.11,100.11,100.06,100.081,2163,0
2017-12-05,16:35:00,100.09,100.1,100.07,100.07,6101,0
2017-12-05,16:40:00,100.082,100.11,100,100,4165,0
2017-12-05,16:45:00,100.02,100.0824,100.02,100.0824,4975,0
2017-12-05,16:50:00,100.08,100.12,100.06,100.12,4801,0
2017-12-05,16:55:00,100.13,100.13,100.07,100.09,2790,0
2017-12-05,17:00:00,100.1105,100.21,100.1,100.1846,6632,0
2017-12-05,17:05:00,100.21,100.2698,100.21,100.25,4945,0
2017-12-05,17:10:00,100.25,100.2699,100.2499,100.2499,4173,0
2017-12-05,17:15:00,100.27,100.28,100.21,100.21,3562,0
2017-12-05,17:20:00,100.215,100.24,100.21,100.2232,3436,0
2017-12-05,17:25:00,100.21,100.21,100.19,100.199,7858,0
2017-12-05,17:30:00,100.2,100.2,100.18,100.2,3625,0
2017-12-05,17:35:00,100.2,100.23,100.19,100.2079,5496,0
2017-12-05,17:40:00,100.205,100.205,100.18,100.1961,787,0
2017-12-05,17:45:00,100.19,100.21,100.19,100.21,2175,0
2017-12-05,17:50:00,100.2083,100.2156,100.1879,100.2,3296,0
2017-12-05,17:55:00,100.19,100.195,100.1638,100.1638,8680,0
2017-12-05,18:00:00,100.155,100.16,100.08,100.1,4475,0
2017-12-05,18:05:00,100.095,100.095,99.96,99.96,4638,0
2017-12-05,18:10:00,99.93,99.97,99.93,99.9618,1236,0
2017-12-05,18:15:00,99.979,99.99,99.979,99.985,2113,0
2017-12-05,18:20:00,99.99,100.03,99.98,100.03,5026,0
2017-12-05,18:25:00,100,100,99.96,99.99,2960,0
2017-12-05,18:30:00,100.01,100.0499,100.01,100.0199,1523,0
2017-12-05,18:35:00,100.011,100.0731,100.011,100.0731,1850,0
2017-12-05,18:40:00,100.0699,100.0699,100.0299,100.05,6116,0
2017-12-05,18:45:00,100.04,100.0531,100.02,100.0531,3216,0
2017-12-05,18:50:00,100.06,100.06,100,100.01,4130,0
2017-12-05,18:55:00,100.02,100.02,99.9858,99.9858,1745,0
2017-12-05,19:00:00,100,100.025,99.98,99.98,6174,0
2017-12-05,19:05:00,100,100.045,99.97,100.03,2400,0
2017-12-05,19:10:00,100.0256,100.05,100.02,100.02,2495,0
2017-12-05,19:15:00,100.0131,100.03,100.0131,100.02,1724,0
2017-12-05,19:20:00,100.01,100.01,99.9768,100.01,1969,0
2017-12-05,19:25:00,100.03,100.0669,100.03,100.0372,3499,0
2017-12-05,19:30:00,100.043,100.043,100.02,100.02,980,0
2017-12-05,19:35:00,100.03,100.03,100,100.02,19860,0
2017-12-05,19:40:00,100.01,100.0331,100.01,100.01,2876,0
2017-12-05,19:45:00,100.01,100.0253,100.0063,100.025,2016,0
2017-12-05,19:50:00,100.019,100.019,99.99,99.9953,2672,0
2017-12-05,19:55:00,100.0133,100.025,100.01,100.01,2650,0
2017-12-05,20:00:00,100,100.02,99.98,100.02,4611,0
2017-12-05,20:05:00,100.04,100.04,100.0244,100.04,3074,0
2017-12-05,20:10:00,100.04,100.07,100.03,100.03,3743,0
2017-12-05,20:15:00,100.05,100.05,99.9944,99.995,2980,0
2017-12-05,20:20:00,99.98,99.99,99.91,99.91,3940,0
2017-12-05,20:25:00,99.891,99.891,99.85,99.875,3399,0
2017-12-05,20:30:00,99.9,99.9262,99.88,99.915,54776,0
2017-12-05,20:35:00,99.91,99.91,99.83,99.865,8224,0
2017-12-05,20:40:00,99.8643,99.87,99.8,99.8101,4486,0
2017-12-05,20:45:00,99.83,99.865,99.8262,99.84,4160,0
2017-12-05,20:50:00,99.86,99.86,99.78,99.78,8312,0
2017-12-05,20:55:00,99.79,99.81,99.77,99.785,1327,0
2017-12-05,21:00:00,99.7899,99.7913,99.725,99.76,5169,0
2017-12-05,21:05:00,99.7462,99.755,99.715,99.74,6344,0
2017-12-05,21:10:00,99.7044,99.77,99.7044,99.72,3829,0
2017-12-05,21:15:00,99.71,99.75,99.71,99.74,12897,0
2017-12-05,21:20:00,99.729,99.734,99.66,99.67,21151,0
2017-12-05,21:25:00,99.68,99.76,99.68,99.7562,3802,0
2017-12-05,21:30:00,99.7575,99.7998,99.7575,99.78,9815,0
2017-12-05,21:35:00,99.77,99.7753,99.74,99.74,2473,0
2017-12-05,21:40:00,99.73,99.74,99.6599,99.6599,5836,0
2017-12-05,21:45:00,99.6512,99.73,99.6456,99.7,3649,0
2017-12-05,21:50:00,99.68,99.685,99.615,99.64,5786,0
2017-12-05,21:55:00,99.63,99.63,99.595,99.595,5478,0
2017-12-05,22:00:00,99.62,99.68,99.62,99.62,16358,0
2017-12-06,15:35:00,99.5,99.62,99.4701,99.49,9251,0
2017-12-06,15:40:00,99.55,99.56,99.51,99.51,900,0
2017-12-06,15:45:00,99.54,99.61,99.54,99.61,5821,0
2017-12-06,15:50:00,99.61,99.61,99.56,99.56,4092,0
2017-12-06,15:55:00,99.56,99.56,99.44,99.4699,7238,0
2017-12-06,16:00:00,99.48,99.6098,99.47,99.574,2267,0
2017-12-06,16:05:00,99.57,99.64,99.57,99.6,2175,0
2017-12-06,16:10:00,99.6198,99.6499,99.61,99.61,5280,0
2017-12-06,16:15:00,99.59,99.6054,99.521,99.525,4812,0
2017-12-06,16:20:00,99.55,99.55,99.46,99.46,2200,0
2017-12-06,16:25:00,99.47,99.47,99.3965,99.405,1384,0
2017-12-06,16:30:00,99.41,99.43,99.41,99.4128,5301,0
2017-12-06,16:35:00,99.46,99.5096,99.46,99.4662,9736,0
2017-12-06,16:40:00,99.4499,99.4538,99.36,99.36,12007,0
2017-12-06,16:45:00,99.39,99.439,99.39,99.439,5987,0
2017-12-06,16:50:00,99.41,99.56,99.4,99.5298,7730,0
2017-12-06,16:55:00,99.5081,99.56,99.5081,99.558,1839,0
2017-12-06,17:00:00,99.6,99.61,99.6,99.6,699,0
2017-12-06,17:05:00,99.61,99.61,99.54,99.59,2724,0
2017-12-06,17:10:00,99.5662,99.5965,99.5662,99.59,3263,0
2017-12-06,17:15:00,99.5799,99.5799,99.5358,99.565,21930,0
2017-12-06,17:20:00,99.55,99.57,99.53,99.53,2651,0
2017-12-06,17:25:00,99.6,99.6,99.56,99.57,926,0
2017-12-06,17:30:00,99.545,99.55,99.5,99.5,1180,0
2017-12-06,17:35:00,99.5101,99.52,99.49,99.5131,1886,0
2017-12-06,17:40:00,99.52,99.545,99.5001,99.51,4291,0
2017-12-06,17:45:00,99.52,99.54,99.519,99.519,2700,0
2017-12-06,17:50:00,99.52,99.537,99.52,99.537,1822,0
2017-12-06,17:55:00,99.5,99.53,99.4965,99.5139,4633,0
2017-12-06,18:00:00,99.53,99.53,99.47,99.47,2809,0
2017-12-06,18:05:00,99.451,99.4669,99.44,99.45,2692,0
2017-12-06,18:10:00,99.4432,99.47,99.44,99.47,4514,0
2017-12-06,18:15:00,99.47,99.47,99.45,99.45,520,0
2017-12-06,18:20:00,99.43,99.43,99.4,99.4,918,0
2017-12-06,18:25:00,99.38,99.38,99.3571,99.3571,2436,0
2017-12-06,18:30:00,99.35,99.3925,99.35,99.39,2700,0
2017-12-06,18:35:00,99.38,99.4544,99.38,99.4544,5230,0
2017-12-06,18:40:00,99.4599,99.46,99.44,99.44,2164,0
2017-12-06,18:45:00,99.45,99.465,99.43,99.46,2115,0
2017-12-06,18:50:00,99.435,99.46,99.435,99.459,1387,0
2017-12-06,18:55:00,99.4661,99.49,99.455,99.455,400,0
2017-12-06,19:00:00,99.459,99.459,99.4377,99.4377,2014,0
2017-12-06,19:05:00,99.43,99.449,99.41,99.41,2445,0
2017-12-06,19:10:00,99.4,99.43,99.4,99.4274,1590,0
2017-12-06,19:15:00,99.4239,99.425,99.41,99.425,1192,0
2017-12-06,19:20:00,99.425,99.46,99.425,99.44,2753,0
2017-12-06,19:25:00,99.44,99.45,99.43,99.44,2354,0
2017-12-06,19:30:00,99.44,99.4599,99.43,99.4447,1415,0
2017-12-06,19:35:00,99.45,99.5187,99.445,99.5187,2450,0
2017-12-06,19:40:00,99.5272,99.5659,99.5238,99.53,1710,0
2017-12-06,19:45:00,99.55,99.5644,99.5448,99.55,1436,0
2017-12-06,19:50:00,99.545,99.57,99.5437,99.57,955,0
2017-12-06,19:55:00,99.57,99.59,99.57,99.585,5329,0
2017-12-06,20:00:00,99.5747,99.58,99.55,99.57,1798,0
2017-12-06,20:05:00,99.56,99.61,99.5552,99.59,4017,0
2017-12-06,20:10:00,99.6,99.61,99.55,99.5598,2575,0
2017-12-06,20:15:00,99.55,99.56,99.52,99.52,4507,0
2017-12-06,20:20:00,99.52,99.55,99.51,99.55,7228,0
2017-12-06,20:25:00,99.56,99.56,99.515,99.54,7305,0
2017-12-06,20:30:00,99.54,99.545,99.49,99.52,4940,0
2017-12-06,20:35:00,99.49,99.5256,99.49,99.5256,3588,0
2017-12-06,20:40:00,99.52,99.595,99.515,99.5838,3723,0
2017-12-06,20:45:00,99.5731,99.585,99.565,99.57,8550,0
2017-12-06,20:50:00,99.587,99.5872,99.545,99.545,4209,0
2017-12-06,20:55:00,99.545,99.55,99.5225,99.525,4674,0
2017-12-06,21:00:00,99.529,99.54,99.525,99.525,7121,0
2017-12-06,21:05:00,99.5328,99.5328,99.505,99.5144,8756,0
2017-12-06,21:10:00,99.51,99.547,99.51,99.5348,2417,0
2017-12-06,21:15:00,99.54,99.5499,99.51,99.51,9229,0
2017-12-06,21:20:00,99.51,99.53,99.5,99.52,6145,0
2017-12-06,21:25:00,99.52,99.53,99.495,99.5,2701,0
2017-12-06,21:30:00,99.4964,99.5158,99.4947,99.51,17087,0
2017-12-06,21:35:00,99.505,99.51,99.4448,99.4448,8171,0
2017-12-06,21:40:00,99.45,99.4858,99.44,99.44,16733,0
2017-12-06,21:45:00,99.445,99.47,99.425,99.47,3966,0
2017-12-06,21:50:00,99.475,99.5157,99.47,99.47,4773,0
2017-12-06,21:55:00,99.46,99.46,99.3807,99.42,8018,0
2017-12-06,22:00:00,99.44,99.44,99.39,99.44,9381,0
